id,ticker,name,marketCap
0,005930,삼성전자,3963935
1,373220,LG에너지솔루션,927810
2,000660,SK하이닉스,819002
3,207940,삼성바이오로직스,555868
4,005935,삼성전자우,478097
5,035420,NAVER,447854
6,006400,삼성SDI,402272
7,005380,현대차,398491
8,035720,카카오,363677
9,051910,LG화학,355079
10,000270,기아,350639
11,005490,POSCO홀딩스,243251
12,105560,KB금융,240401
13,055550,신한지주,217484
14,028260,삼성물산,213985
15,068270,셀트리온,203997
16,096770,SK이노베이션,189554
17,012330,현대모비스,188200
18,323410,카카오뱅크,181192
19,034730,SK,180182
20,066570,LG전자,176739
21,011200,HMM,151357
22,015760,한국전력,143799
23,086790,하나금융지주,137660
24,017670,SK텔레콤,134582
25,032830,삼성생명,130200
26,010950,S-Oil,124403
27,259960,크래프톤,122680
28,034020,두산에너빌리티,122621
29,009150,삼성전기,118762
30,003550,LG,115930
31,377300,카카오페이,114066
32,033780,KT&G,113952
33,316140,우리금융지주,113577
34,018260,삼성에스디에스,111810
35,329180,현대중공업,109190
36,051900,LG생활건강,107140
37,247540,에코프로비엠,102816
38,010130,고려아연,102652
39,003490,대한항공,100694
40,003670,포스코케미칼,97990
41,000810,삼성화재,96881
42,030200,KT,96741
43,036570,엔씨소프트,96048
44,090430,아모레퍼시픽,95928
45,302440,SK바이오사이언스,93676
46,352820,하이브,88496
47,091990,셀트리온헬스케어,86827
48,024110,기업은행,83361
49,361610,SK아이이테크놀로지,82705
50,066970,엘앤에프,80482
51,011070,LG이노텍,79639
52,086280,현대글로비스,78375
53,326030,SK바이오팜,67427
54,011170,롯데케미칼,65637
55,009540,한국조선해양,64898
56,402340,SK스퀘어,62599
57,251270,넷마블,62574
58,034220,LG디스플레이,61723
59,097950,CJ제일제당,61044
60,018880,한온시스템,60052
61,032640,LG유플러스,59815
62,035250,강원랜드,59261
63,009830,한화솔루션,58531
64,088980,맥쿼리인프라,56475
65,011790,SKC,53962
66,004020,현대제철,53912
67,021240,코웨이,52176
68,028050,삼성엔지니어링,51548
69,010140,삼성중공업,49632
70,383220,F&F,48841
71,137310,에스디바이오센서,48795
72,006800,미래에셋증권,47994
73,000720,현대건설,47103
74,267250,HD현대,46368
75,047810,한국항공우주,45910
76,028300,HLB,45575
77,005830,DB손해보험,45524
78,011780,금호석유,44837
79,161390,한국타이어앤테크놀로지,44595
80,000060,메리츠화재,44269
81,078930,GS,44134
82,293490,카카오게임즈,43090
83,000100,유한양행,42254
84,028670,팬오션,42230
85,241560,두산밥캣,40300
86,036460,한국가스공사,40294
87,138040,메리츠금융지주,40232
88,008560,메리츠증권,38927
89,003410,쌍용C&E,38545
90,263750,펄어비스,38540
91,029780,삼성카드,38291
92,071050,한국금융지주,37837
93,180640,한진칼,37186
94,020150,일진머티리얼즈,36750
95,271560,오리온,36570
96,002790,아모레G,36570
97,128940,한미약품,36522
98,004990,롯데지주,36193
99,307950,현대오토에버,36062
100,139480,이마트,34147
101,282330,BGF리테일,33962
102,006360,GS건설,33933
103,005387,현대차2우B,33931
104,016360,삼성증권,33889
105,005940,NH투자증권,33664
106,010620,현대미포조선,33112
107,008930,한미사이언스,30709
108,000990,DB하이텍,30679
109,002380,KCC,30125
110,000120,CJ대한통운,29884
111,008770,호텔신라,29789
112,030000,제일기획,29105
113,068760,셀트리온제약,28913
114,047050,포스코인터내셔널,28869
115,023530,롯데쇼핑,28854
116,272210,한화시스템,28715
117,052690,한전기술,28015
118,001450,현대해상,27624
119,007070,GS리테일,27436
120,014680,한솔케미칼,27374
121,012450,한화에어로스페이스,26631
122,026960,동서,26420
123,012750,에스원,26333
124,058470,리노공업,26216
125,047040,대우건설,25768
126,042660,대우조선해양,25749
127,204320,만도,25544
128,004170,신세계,25252
129,278280,천보,25000
130,138930,BNK금융지주,24934
131,001440,대한전선,24827
132,000080,하이트진로,24722
133,010060,OCI,24684
134,001040,CJ,24625
135,336260,두산퓨얼셀,24298
136,253450,스튜디오드래곤,23921
137,035760,CJ ENM,23091
138,039490,키움증권,22601
139,005385,현대차우,22481
140,285130,SK케미칼,22202
141,112040,위메이드,22124
142,088350,한화생명,22104
143,005290,동진쎄미켐,21645
144,096530,씨젠,21255
145,000880,한화,21250
146,006280,녹십자,21094
147,016380,KG스틸,21001
148,196170,알테오젠,20598
149,004000,롯데정밀화학,20485
150,298050,효성첨단소재,20406
151,375500,DL이앤씨,20159
152,108320,LX세미콘,20135
153,111770,영원무역,19918
154,240810,원익IPS,19903
155,086520,에코프로,19731
156,064350,현대로템,19645
157,035900,JYP Ent.,19559
158,112610,씨에스윈드,19441
159,069620,대웅제약,19407
160,336370,솔루스첨단소재,19240
161,051915,LG화학우,19222
162,006260,LS,19191
163,357780,솔브레인,18606
164,069960,현대백화점,18347
165,004370,농심,18278
166,081660,휠라홀딩스,18134
167,011210,현대위아,18003
168,120110,코오롱인더,17804
169,093370,후성,17780
170,005300,롯데칠성,17537
171,237690,에스티팜,17473
172,004800,효성,17236
173,025900,동화기업,17171
174,175330,JB금융지주,16901
175,079550,LIG넥스원,16896
176,001230,동국제강,16891
177,003090,대웅,16570
178,051600,한전KPS,16537
179,014820,동원시스템즈,16462
180,064760,티씨케이,16403
181,007310,오뚜기,16377
182,298020,효성티앤씨,16120
183,222800,심텍,16118
184,009240,한샘,15861
185,353200,대덕전자,15294
186,010780,아이에스동서,15060
187,048260,오스템임플란트,15028
188,005070,코스모신소재,14908
189,271940,일진하이솔루스,14906
190,010120,LS ELECTRIC,14805
191,145020,휴젤,14664
192,019170,신풍제약,14597
193,365550,ESR켄달스퀘어리츠,14490
194,001120,LX인터내셔널,14438
195,041510,에스엠,14432
196,139130,DGB금융지주,14428
197,330590,롯데리츠,14019
198,089860,롯데렌탈,13994
199,017800,현대엘리베이,13979
200,034230,파라다이스,13914
201,056190,에스에프에이,13860
202,042700,한미반도체,13799
203,020560,아시아나항공,13766
204,039030,이오테크닉스,13526
205,005850,에스엘,13424
206,000150,두산,13400
207,000240,한국앤컴퍼니,13290
208,000210,DL,13286
209,178920,PI첨단소재,13068
210,032500,케이엠더블유,13001
211,300720,한일시멘트,12986
212,249420,일동제약,12892
213,067630,HLB생명과학,12844
214,042670,현대두산인프라코어,12459
215,225570,넥슨게임즈,12456
216,215600,신라젠,12446
217,348370,엔켐,12444
218,078600,대주전자재료,12276
219,166090,하나머티리얼즈,12187
220,363280,티와이홀딩스,12146
221,031430,신세계인터내셔날,12120
222,073240,금호타이어,12064
223,000670,영풍,11954
224,048410,현대바이오,11899
225,195870,해성디에스,11883
226,003380,하림지주,11872
227,001740,SK네트웍스,11764
228,018670,SK가스,11722
229,248070,솔루엠,11701
230,067160,아프리카TV,11529
231,299900,위지윅스튜디오,11473
232,098460,고영,11465
233,003690,코리안리,11386
234,053800,안랩,11385
235,214150,클래시스,11368
236,381970,케이카,11300
237,181710,NHN,11292
238,195940,HK이노엔,11258
239,012510,더존비즈온,11150
240,009900,명신산업,11018
241,185750,종근당,10993
242,007390,네이처셀,10992
243,003240,태광산업,10955
244,215000,골프존,10894
245,032350,롯데관광개발,10866
246,213420,덕산네오룩스,10776
247,395400,SK리츠,10696
248,014830,유니드,10667
249,215200,메가스터디교육,10651
250,036930,주성엔지니어링,10614
251,079160,CJ CGV,10517
252,030190,NICE평가정보,10473
253,268280,미원에스씨,10455
254,214370,케어젠,10431
255,036540,SFA반도체,10311
256,214320,이노션,10260
257,137400,피엔티,10244
258,078340,컴투스,10215
259,089590,제주항공,10150
260,068240,다원시스,10060
261,122870,와이지엔터테인먼트,10018
262,298380,에이비엘바이오,9975
263,039130,하나투어,9966
264,013890,지누스,9938
265,082640,동양생명,9859
266,290650,엘앤씨바이오,9788
267,084370,유진테크,9762
268,105630,한세실업,9720
269,085660,차바이오텍,9678
270,020000,한섬,9618
271,161890,한국콜마,9610
272,004490,세방전지,9576
273,069260,TKG휴켐스,9483
274,016710,대성홀딩스,9476
275,005880,대한해운,9463
276,066575,LG전자우,9452
277,006650,대한유화,9425
278,005250,녹십자홀딩스,9405
279,007700,F&F홀딩스,9387
280,950210,프레스티지바이오파마,9375
281,017390,서울가스,9350
282,348950,제이알글로벌리츠,9323
283,344820,KCC글라스,9278
284,272290,이녹스첨단소재,9267
285,144510,지씨셀,9195
286,131290,티에스이,9169
287,086450,동국제약,9158
288,090460,비에이치,9088
289,294870,HDC현대산업개발,8996
290,272450,진에어,8978
291,074600,원익QnC,8964
292,114090,GKL,8938
293,022100,포스코 ICT,8924
294,023590,다우기술,8906
295,200130,콜마비앤에이치,8877
296,141080,레고켐바이오,8822
297,000250,삼천당제약,8765
298,001800,오리온홀딩스,8739
299,006040,동원산업,8734
300,067310,하나마이크론,8721
301,267260,현대일렉트릭,8669
302,151910,SBW생명과학,8661
303,009420,한올바이오파마,8645
304,034120,SBS,8624
305,003530,한화투자증권,8603
306,241590,화승엔터프라이즈,8541
307,095700,제넥신,8525
308,214450,파마리서치,8473
309,051905,LG생활건강우,8440
310,005440,현대그린푸드,8334
311,222080,씨아이에스,8263
312,001680,대상,8263
313,103140,풍산,8225
314,003520,영진약품,8193
315,003540,대신증권,8149
316,192820,코스맥스,8114
317,003850,보령,8105
318,182400,엔케이맥스,8012
319,192080,더블유게임즈,8002
320,002840,미원상사,8001
321,086900,메디톡스,7984
322,084990,헬릭스미스,7952
323,218410,RFHIC,7942
324,151860,KG ETS,7884
325,145720,덴티움,7858
326,005690,파미셀,7854
327,036420,콘텐트리중앙,7781
328,011000,진원생명과학,7760
329,267270,현대건설기계,7742
330,084850,아이티엠반도체,7733
331,950180,SNK,7729
332,121600,나노신소재,7724
333,016790,현대사료,7681
334,140860,파크시스템스,7570
335,006120,SK디스커버리,7529
336,007340,디티알오토모티브,7525
337,039200,오스코텍,7521
338,280360,롯데제과,7507
339,003000,부광약품,7497
340,383800,LX홀딩스,7429
341,090435,아모레퍼시픽우,7411
342,189300,인텔리안테크,7402
343,010050,우리종금,7378
344,376300,디어유,7329
345,003280,흥아해운,7320
346,064550,바이오니아,7304
347,100090,삼강엠앤티,7304
348,284740,쿠쿠홈시스,7247
349,005610,SPC삼립,7118
350,097520,엠씨넥스,7109
351,069080,웹젠,7097
352,005090,SGC에너지,7074
353,323990,박셀바이오,7071
354,003230,삼양식품,7058
355,319660,피에스케이,7028
356,007810,코리아써키트,6991
357,046890,서울반도체,6967
358,000070,삼양홀딩스,6954
359,049070,인탑스,6931
360,033640,네패스,6906
361,057050,현대홈쇼핑,6864
362,009970,영원무역홀딩스,6858
363,025540,한국단자,6821
364,178320,서진시스템,6820
365,131970,테스나,6796
366,060250,NHN한국사이버결제,6787
367,192650,드림텍,6756
368,009450,경동나비엔,6752
369,091700,파트론,6746
370,290510,코리아센터,6738
371,025980,아난티,6706
372,383310,에코프로에이치엔,6680
373,003470,유안타증권,6626
374,220630,맘스터치,6587
375,348210,넥스틴,6584
376,064960,SNT모티브,6558
377,085620,미래에셋생명,6549
378,002240,고려제강,6543
379,095340,ISC,6507
380,210980,SK디앤디,6501
381,000640,동아쏘시오홀딩스,6444
382,294090,이오플로우,6439
383,097230,HJ중공업,6437
384,950130,엑세스바이오,6427
385,001530,DI동일,6417
386,091120,이엠텍,6410
387,025860,남해화학,6408
388,049770,동원F&B,6348
389,298000,효성화학,6332
390,002350,넥센타이어,6309
391,001390,KG케미칼,6218
392,192400,쿠쿠홀딩스,6205
393,034310,NICE,6174
394,183300,코미코,6162
395,038540,상상인,6141
396,033290,코웰패션,6115
397,206650,유바이오로직스,6086
398,001430,세아베스틸지주,6060
399,00680K,미래에셋증권2우B,6034
400,950220,네오이뮨텍,6023
401,194480,데브시스터즈,5996
402,287410,제이시스메디칼,5982
403,121800,비덴트,5978
404,006730,서부T&D,5961
405,089980,상아프론테크,5931
406,064260,다날,5902
407,235980,메드팩토,5900
408,092040,아미코젠,5886
409,256840,한국비엔씨,5858
410,004430,송원산업,5856
411,017810,풀무원,5832
412,357120,코람코에너지리츠,5825
413,003030,세아제강지주,5819
414,085370,루트로닉,5794
415,082270,젬백스,5792
416,000400,롯데손해보험,5741
417,293940,신한알파리츠,5707
418,017960,한국카본,5692
419,093050,LF,5657
420,000370,한화손해보험,5638
421,054210,이랜텍,5576
422,298040,효성중공업,5548
423,101490,에스앤에스텍,5534
424,001060,JW중외제약,5522
425,008730,율촌화학,5505
426,170900,동아에스티,5498
427,086390,유니테스트,5494
428,041190,우리기술투자,5460
429,047820,초록뱀미디어,5436
430,000230,일동홀딩스,5395
431,289220,자이언트스텝,5393
432,043150,바텍,5392
433,048530,인트론바이오,5361
434,106240,파인테크닉스,5355
435,095610,테스,5347
436,006390,한일현대시멘트,5341
437,001880,DL건설,5336
438,009160,SIMPAC,5332
439,001720,신영증권,5331
440,145990,삼양사,5321
441,267980,매일유업,5317
442,033240,자화전자,5289
443,138490,코오롱플라스틱,5282
444,001820,삼화콘덴서,5280
445,036830,솔브레인홀딩스,5261
446,004690,삼천리,5251
447,143240,사람인에이치알,5240
448,950160,코오롱티슈진,5200
449,000815,삼성화재우,5187
450,002900,TYM,5180
451,102460,이연제약,5174
452,102710,이엔에프테크놀로지,5172
453,382840,원준,5170
454,034830,한국토지신탁,5163
455,071840,롯데하이마트,5146
456,038500,삼표시멘트,5136
457,041960,코미팜,5122
458,104830,원익머트리얼즈,5112
459,230360,에코마케팅,5103
460,005180,빙그레,5102
461,330860,네패스아크,5099
462,030520,한글과컴퓨터,5053
463,032190,다우데이타,5036
464,084010,대한제강,5015
465,003070,코오롱글로벌,4979
466,051500,CJ프레시웨이,4974
467,115390,락앤락,4964
468,278650,노터스,4961
469,039840,디오,4929
470,027410,BGF,4910
471,061970,엘비세미콘,4903
472,183190,아세아시멘트,4889
473,298540,더네이쳐홀딩스,4872
474,123890,한국자산신탁,4828
475,140410,메지온,4826
476,030610,교보증권,4784
477,089970,에이피티씨,4775
478,110790,크리스에프앤씨,4768
479,006405,삼성SDI우,4764
480,003100,선광,4752
481,306200,세아제강,4750
482,199800,툴젠,4750
483,060150,인선이엔티,4749
484,002320,한진,4745
485,007690,국도화학,4739
486,286940,롯데정보통신,4734
487,090710,휴림로봇,4732
488,068400,SK렌터카,4728
489,088800,에이스테크,4724
490,005390,신성통상,4720
491,161000,애경케미칼,4694
492,268600,셀리버리,4688
493,217270,넵튠,4635
494,003800,에이스침대,4635
495,243840,신흥에스이씨,4634
496,205470,휴마시스,4620
497,007660,이수페타시스,4616
498,108670,LX하우시스,4600
499,243070,휴온스,4595
500,031330,에스에이엠티,4594
501,082740,HSD엔진,4592
502,230240,에치에프알,4579
503,226320,잇츠한불,4572
504,092220,KEC,4566
505,037560,LG헬로비전,4561
506,018250,애경산업,4516
507,035600,KG이니시스,4506
508,053030,바이넥스,4494
509,053210,스카이라이프,4471
510,101160,월덱스,4466
511,094800,맵스리얼티1,4456
512,007570,일양약품,4446
513,060720,KH바텍,4427
514,013120,동원개발,4413
515,104480,티케이케미칼,4408
516,005420,코스모화학,4401
517,033270,유나이티드제약,4386
518,080580,오킨스전자,4349
519,036810,에프에스티,4329
520,101730,위메이드맥스,4311
521,037270,YG PLUS,4306
522,091810,티웨이항공,4304
523,058650,세아홀딩스,4280
524,095660,네오위즈,4274
525,232140,와이아이케이,4266
526,005950,이수화학,4249
527,012630,HDC,4247
528,058820,CMG제약,4236
529,088260,이리츠코크렙,4224
530,001470,삼부토건,4222
531,063080,컴투스홀딩스,4220
532,298690,에어부산,4217
533,131390,원익피앤이,4215
534,008490,서흥,4211
535,099190,아이센스,4208
536,050890,쏠리드,4205
537,060980,한라홀딩스,4183
538,000050,경방,4180
539,246710,티앤알바이오팹,4168
540,099320,쎄트렉아이,4165
541,029960,코엔텍,4160
542,027360,아주IB투자,4156
543,003620,쌍용차,4150
544,299030,하나기술,4132
545,119610,인터로조,4130
546,285490,노바텍,4124
547,048550,SM C&C,4120
548,281820,케이씨텍,4120
549,001790,대한제당,4099
550,089030,테크윙,4071
551,071320,지역난방공사,4064
552,004890,동일산업,4062
553,130660,한전산업,4058
554,317330,덕산테코피아,4024
555,077360,덕산하이메탈,4012
556,298870,다올인베스트먼트,4010
557,003300,한일홀딩스,4008
558,001725,신영증권우,4006
559,294570,쿠콘,3981
560,027710,팜스토리,3949
561,078020,이베스트투자증권,3944
562,035890,서희건설,3941
563,016800,퍼시스,3933
564,139990,아주스틸,3928
565,122450,KMH,3898
566,100120,뷰웍스,3890
567,104460,디와이피엔에프,3889
568,102940,코오롱생명과학,3885
569,011690,와이투솔루션,3885
570,001510,SK증권,3879
571,002270,롯데푸드,3875
572,000490,대동,3872
573,052400,코나아이,3858
574,321550,티움바이오,3848
575,293780,압타바이오,3846
576,067000,조이시티,3840
577,080160,모두투어,3827
578,319400,현대무벡스,3804
579,003545,대신증권우,3796
580,100790,미래에셋벤처투자,3786
581,041830,인바디,3783
582,026890,스틱인베스트먼트,3780
583,002150,도화엔지니어링,3776
584,371950,풍원정밀,3776
585,002310,아세아제지,3766
586,206560,덱스터,3748
587,075580,세진중공업,3740
588,291230,엔피,3728
589,016590,신대양제지,3727
590,024720,한국콜마홀딩스,3724
591,055490,테이팩스,3722
592,063170,서울옥션,3714
593,071055,한국금융지주우,3708
594,121440,골프존뉴딘홀딩스,3701
595,003220,대원제약,3680
596,023410,유진기업,3676
597,030530,원익홀딩스,3676
598,117580,대성에너지,3671
599,002990,금호건설,3658
600,004250,NPC,3657
601,015750,성우하이텍,3644
602,042000,카페24,3633
603,011930,신성이엔지,3633
604,136480,하림,3632
605,034950,한국기업평가,3627
606,104700,한국철강,3625
607,037070,파세코,3620
608,307750,국전약품,3616
609,047920,HLB제약,3601
610,339770,교촌에프앤비,3597
611,089010,켐트로닉스,3595
612,081000,일진다이아,3579
613,122900,아이마켓코리아,3576
614,271980,제일약품,3573
615,084690,대상홀딩스,3566
616,009290,광동제약,3564
617,051370,인터플렉스,3545
618,217330,싸이토젠,3523
619,078130,국일제지,3509
620,035080,그래디언트,3509
621,194700,노바렉스,3506
622,00088K,한화3우B,3505
623,032300,한국파마,3501
624,900140,엘브이엠씨홀딩스,3500
625,272550,삼양패키징,3497
626,290670,대보마그네틱,3497
627,078160,메디포스트,3488
628,095720,웅진씽크빅,3488
629,011700,한신기계,3487
630,126560,현대퓨처넷,3487
631,058610,에스피지,3481
632,018310,삼목에스폼,3476
633,078070,유비쿼스홀딩스,3458
634,046440,KG모빌리언스,3451
635,204270,제이앤티씨,3441
636,377190,디앤디플랫폼리츠,3432
637,293480,하나제약,3430
638,059090,미코,3425
639,005500,삼진제약,3419
640,009410,태영건설,3419
641,099430,바이오플러스,3418
642,084680,이월드,3410
643,001520,동양,3401
644,003580,HLB글로벌,3385
645,265520,AP시스템,3384
646,017940,E1,3371
647,065350,신성델타테크,3353
648,136510,에디슨EV,3352
649,317400,자이에스앤디,3346
650,032620,유비케어,3345
651,072710,농심홀딩스,3334
652,033500,동성화인텍,3313
653,115450,HLB테라퓨틱스,3305
654,002020,코오롱,3301
655,039440,에스티아이,3300
656,001500,현대차증권,3298
657,001200,유진투자증권,3283
658,213500,한솔제지,3272
659,029530,신도리코,3265
660,206640,바디텍메드,3264
661,237880,클리오,3257
662,001250,GS글로벌,3255
663,096240,크레버스,3255
664,006740,영풍제지,3252
665,000480,조선내화,3244
666,086980,쇼박스,3243
667,277810,레인보우로보틱스,3243
668,034810,해성산업,3241
669,000020,동화약품,3240
670,002960,한국쉘석유,3237
671,094820,일진파워,3234
672,084110,휴온스글로벌,3224
673,107590,미원홀딩스,3224
674,001630,종근당홀딩스,3216
675,083790,크리스탈지노믹스,3195
676,064290,인텍플러스,3188
677,281740,레이크머티리얼즈,3187
678,036030,케이티알파,3176
679,002030,아세아,3176
680,334970,프레스티지바이오로직스,3170
681,010690,화신,3170
682,179290,엠아이텍,3168
683,053610,프로텍,3168
684,067990,도이치모터스,3166
685,252990,샘씨엔에스,3164
686,016580,환인제약,3152
687,263720,디앤씨미디어,3148
688,138080,오이솔루션,3144
689,023160,태광,3140
690,00104K,CJ4우(전환),3131
691,077970,STX엔진,3129
692,004700,조광피혁,3128
693,002780,진흥기업,3127
694,048870,시너지이노베이션,3114
695,018470,조일알미늄,3099
696,036630,세종텔레콤,3099
697,036200,유니셈,3097
698,006910,보성파워텍,3080
699,003060,에이프로젠제약,3077
700,000140,하이트진로홀딩스,3074
701,092190,서울바이오시스,3073
702,122990,와이솔,3072
703,216080,제테마,3070
704,340570,티앤엘,3068
705,032820,우리기술,3067
706,007460,에이프로젠 MED,3059
707,251370,와이엠티,3050
708,245620,EDGC,3047
709,001780,알루코,3039
710,020120,키다리스튜디오,3037
711,013580,계룡건설,3023
712,123420,위메이드플레이,3022
713,214260,라파스,3016
714,011040,경동제약,3015
715,108230,톱텍,3015
716,005810,풍산홀딩스,3008
717,404990,신한서부티엔디리츠,3004
718,033160,엠케이전자,2998
719,095570,AJ네트웍스,2996
720,008350,남선알미늄,2980
721,006060,화승인더,2976
722,019680,대교,2973
723,004980,성신양회,2966
724,077500,유니퀘스트,2966
725,033180,KH 필룩스,2965
726,045100,한양이엔지,2961
727,029460,케이씨,2961
728,025770,한국정보통신,2950
729,003200,일신방직,2940
730,009580,무림P&P,2934
731,365270,큐라클,2929
732,037710,광주신세계,2928
733,094480,갤럭시아머니트리,2926
734,282880,코윈테크,2925
735,009680,모토닉,2923
736,228670,레이,2920
737,100130,동국S&C,2920
738,042600,새로닉스,2919
739,035150,백산,2916
740,012610,경인양행,2915
741,005860,한일사료,2904
742,002710,TCC스틸,2902
743,024090,디씨엠,2901
744,089600,나스미디어,2898
745,036800,나이스정보통신,2895
746,136490,선진,2889
747,003960,사조대림,2886
748,005960,동부건설,2882
749,038880,아이에이,2876
750,011785,금호석유우,2875
751,194370,제이에스코퍼레이션,2873
752,042420,네오위즈홀딩스,2869
753,038290,마크로젠,2867
754,045390,대아티아이,2867
755,002460,화성산업,2863
756,003570,SNT중공업,2863
757,014620,성광벤드,2860
758,006490,인스코비,2857
759,078350,한양디지텍,2850
760,126700,하이비젼시스템,2839
761,031980,피에스케이홀딩스,2824
762,035810,이지홀딩스,2824
763,314130,지놈앤컴퍼니,2820
764,105840,우진,2814
765,179900,유티아이,2811
766,002390,한독,2807
767,123860,아나패스,2802
768,101360,이엔드디,2801
769,001130,대한제분,2796
770,011280,태림포장,2796
771,241820,피씨엘,2792
772,003920,남양유업,2790
773,297890,HB솔루션,2782
774,004380,삼익THK,2782
775,083450,GST,2776
776,214870,뉴지랩파마,2772
777,146320,비씨엔씨,2770
778,226950,올릭스,2768
779,001940,KISCO홀딩스,2766
780,058430,포스코스틸리온,2766
781,183490,엔지켐생명과학,2765
782,377030,맥스트,2764
783,149950,아바텍,2762
784,143160,아이디스,2759
785,214330,금호에이치티,2755
786,015860,일진홀딩스,2748
787,096760,JW홀딩스,2747
788,036530,SNT홀딩스,2747
789,001460,BYC,2745
790,284620,카이노스메드,2745
791,053580,웹케시,2736
792,225530,보광산업,2736
793,079430,현대리바트,2731
794,043610,지니뮤직,2731
795,067280,멀티캠퍼스,2729
796,118990,모트렉스,2723
797,009520,포스코엠텍,2723
798,216050,인크로스,2723
799,035510,신세계 I&C,2717
800,019550,SBI인베스트먼트,2714
801,065680,우주일렉트로,2712
802,376980,원티드랩,2708
803,000680,LS네트웍스,2702
804,131370,알서포트,2695
805,030210,다올투자증권,2693
806,115180,큐리언트,2691
807,023760,한국캐피탈,2688
808,114810,아이원스,2688
809,039560,다산네트웍스,2684
810,019210,와이지-원,2681
811,337930,브랜드엑스코퍼레이션,2661
812,192440,슈피겐코리아,2657
813,044450,KSS해운,2654
814,115960,연우,2653
815,036890,진성티이씨,2641
816,052710,아모텍,2635
817,079370,제우스,2632
818,000155,두산우,2629
819,080420,모다이노칩,2626
820,031440,신세계푸드,2625
821,016450,한세예스24홀딩스,2620
822,009155,삼성전기우,2613
823,389140,포바이포,2612
824,006840,AK홀딩스,2609
825,124560,태웅로직스,2608
826,017890,한국알콜,2603
827,016610,DB금융투자,2601
828,093320,케이아이엔엑스,2596
829,006110,삼아알미늄,2596
830,068290,삼성출판사,2595
831,001270,부국증권,2592
832,008060,대덕,2592
833,073490,이노와이어리스,2587
834,018000,유니슨,2585
835,044340,위닉스,2582
836,092230,KPX홀딩스,2577
837,014280,금강공업,2575
838,306040,에스제이그룹,2565
839,028100,동아지질,2564
840,348150,고바이오랩,2555
841,001070,대한방직,2551
842,137950,제이씨케미칼,2549
843,264450,유비쿼스,2540
844,053300,한국정보인증,2535
845,079980,휴비스,2532
846,002810,삼영무역,2529
847,033310,엠투엔,2525
848,010955,S-Oil우,2521
849,148150,세경하이테크,2515
850,082920,비츠로셀,2509
851,322000,현대에너지솔루션,2508
852,003160,디아이,2507
853,083310,엘오티베큠,2502
854,041590,플래스크,2498
855,00279K,아모레G3우(전환),2496
856,082800,비보존 헬스케어,2492
857,417310,코람코더원리츠,2492
858,013030,하이록코리아,2491
859,092070,디엔에프,2487
860,039570,HDC랩스,2484
861,007160,사조산업,2482
862,025000,KPX케미칼,2482
863,347860,알체라,2476
864,011760,현대코퍼레이션,2473
865,002100,경농,2469
866,060590,씨티씨바이오,2466
867,004560,현대비앤지스틸,2465
868,228760,지노믹트리,2459
869,195990,에이비프로바이오,2457
870,007210,벽산,2454
871,042370,비츠로테크,2444
872,084650,랩지노믹스,2443
873,008040,사조동아원,2441
874,011500,한농화성,2439
875,060280,큐렉소,2438
876,060570,드림어스컴퍼니,2433
877,102120,어보브반도체,2418
878,000390,삼화페인트,2418
879,054620,APS홀딩스,2416
880,000540,흥국화재,2415
881,119860,다나와,2412
882,001360,삼성제약,2411
883,014160,대영포장,2406
884,051160,지어소프트,2406
885,356860,티엘비,2394
886,950190,미투젠,2390
887,138580,비즈니스온,2390
888,054450,텔레칩스,2390
889,234340,세틀뱅크,2386
890,099750,이지케어텍,2385
891,097955,CJ제일제당 우,2382
892,241840,에이스토리,2378
893,033920,무학,2374
894,018290,브이티지엠피,2372
895,012700,리드코프,2372
896,047310,파워로직스,2364
897,229640,LS전선아시아,2364
898,101530,해태제과식품,2361
899,068930,디지털대성,2358
900,001340,백광산업,2349
901,086890,이수앱지스,2346
902,377450,리파인,2339
903,211270,AP위성,2330
904,376190,엘비루셈,2327
905,214180,민앤지,2326
906,052260,현대바이오랜드,2325
907,070960,용평리조트,2320
908,090850,현대이지웰,2320
909,005680,삼영전자,2310
910,005720,넥센,2310
911,357230,에이치피오,2302
912,102260,동성케미컬,2295
913,054920,한컴위드,2291
914,318020,포인트모바일,2291
915,103590,일진전기,2284
916,239890,피엔에이치테크,2283
917,000970,한국주철관,2280
918,036580,팜스코,2273
919,136540,윈스,2271
920,400760,NH올원리츠,2266
921,056080,유진로봇,2265
922,200710,에이디테크놀로지,2259
923,251970,펌텍코리아,2256
924,123040,엠에스오토텍,2241
925,150840,인트로메딕,2236
926,263920,휴엠앤씨,2234
927,108490,로보티즈,2231
928,128820,대성산업,2223
929,004360,세방,2220
930,095500,미래나노텍,2220
931,067900,와이엔텍,2220
932,180400,디엑스앤브이엑스,2220
933,015360,예스코홀딩스,2214
934,220260,켐트로스,2206
935,220100,퓨쳐켐,2204
936,074610,이엔플러스,2197
937,092130,이크레더블,2197
938,013360,일성건설,2196
939,003120,일성신약,2191
940,005389,현대차3우B,2188
941,126340,비나텍,2187
942,352480,씨앤씨인터내셔널,2183
943,263050,유틸렉스,2182
944,083420,그린케미칼,2174
945,001570,금양,2172
946,361390,제노코,2171
947,288330,브릿지바이오테라퓨틱스,2158
948,234080,JW생명과학,2153
949,013570,디와이,2152
950,299660,셀리드,2150
951,091580,상신이디피,2146
952,260930,씨티케이,2137
953,036710,심텍홀딩스,2134
954,160550,NEW,2126
955,069920,아이에스이커머스,2125
956,144960,뉴파워프라즈마,2110
957,175250,아이큐어,2109
958,277880,티에스아이,2103
959,241690,유니테크노,2100
960,182360,큐브엔터,2098
961,023450,동남합성,2097
962,023900,풍국주정,2097
963,000430,대원강업,2095
964,311690,CJ 바이오사이언스,2086
965,090360,로보스타,2081
966,049180,셀루메드,2079
967,270660,에브리봇,2072
968,232680,라온테크,2072
969,023600,삼보판지,2069
970,057880,피에이치씨,2067
971,244460,올리패스,2062
972,004710,한솔테크닉스,2051
973,044490,태웅,2050
974,125210,아모그린텍,2045
975,166480,코아스템,2044
976,002210,동성제약,2043
977,049950,미래컴퍼니,2043
978,015890,태경산업,2040
979,090350,노루페인트,2040
980,262260,에이프로,2037
981,300080,플리토,2035
982,126600,코프라,2033
983,033170,시그네틱스,2031
984,054950,제이브이엠,2031
985,259630,엠플러스,2027
986,290550,디케이티,2024
987,065660,안트로젠,2023
988,060560,홈센타홀딩스,2017
989,239610,에이치엘사이언스,2008
990,010820,퍼스텍,2008
991,004970,신라교역,2000
992,025320,시노펙스,1995
993,045970,코아시아,1992
994,004090,한국석유,1992
995,301300,바이브컴퍼니,1992
996,006890,태경케미컬,1989
997,200230,텔콘RF제약,1988
998,086960,한컴MDS,1983
999,033530,세종공업,1980
1000,138610,나이벡,1976
1001,078590,디아크,1975
1002,251120,바이오에프디엔씨,1973
1003,006620,동구바이오제약,1972
1004,168330,내츄럴엔도텍,1962
1005,025950,동신건설,1961
1006,006220,제주은행,1956
1007,248170,샘표식품,1955
1008,174900,앱클론,1953
1009,061040,알에프텍,1951
1010,046120,오르비텍,1948
1011,012030,DB,1945
1012,063570,한국전자금융,1943
1013,308080,바이젠셀,1943
1014,005945,NH투자증권우,1943
1015,000180,성창기업지주,1942
1016,100250,진양홀딩스,1942
1017,092200,디아이씨,1928
1018,014790,한라,1927
1019,115160,휴맥스,1922
1020,097780,에스맥,1919
1021,185490,아이진,1918
1022,142760,비엘,1918
1023,053280,예스24,1917
1024,238090,앤디포스,1913
1025,094280,효성ITX,1912
1026,332570,와이팜,1912
1027,054780,키이스트,1911
1028,037460,삼지전자,1909
1029,043370,피에이치에이,1908
1030,092730,네오팜,1904
1031,026150,특수건설,1903
1032,203650,드림시큐리티,1902
1033,228850,레이언스,1899
1034,267850,아시아나IDT,1898
1035,256630,포인트엔지니어링,1898
1036,214390,경보제약,1895
1037,017550,수산중공업,1894
1038,088290,이원컴포텍,1892
1039,065450,빅텍,1888
1040,061250,화일약품,1887
1041,088390,이녹스,1886
1042,002620,제일파마홀딩스,1884
1043,005010,휴스틸,1877
1044,021080,에이티넘인베스트,1876
1045,021320,KCC건설,1874
1046,322310,오로스테크놀로지,1873
1047,053050,지에스이,1871
1048,087010,펩트론,1870
1049,102370,케이옥션,1870
1050,365590,하이딥,1865
1051,094360,칩스앤미디어,1865
1052,074430,아미노로직스,1861
1053,054050,농우바이오,1859
1054,357580,아모센스,1859
1055,200670,휴메딕스,1859
1056,007860,서연,1857
1057,161580,필옵틱스,1855
1058,067290,JW신약,1849
1059,274090,켄코아에어로스페이스,1849
1060,003555,LG우,1846
1061,288620,에스퓨얼셀,1842
1062,078520,에이블씨엔씨,1838
1063,000440,중앙에너비스,1837
1064,140070,서플러스글로벌,1830
1065,036190,금화피에스시,1830
1066,200880,서연이화,1829
1067,253840,수젠텍,1826
1068,049080,기가레인,1826
1069,306620,네온테크,1822
1070,009070,KCTC,1821
1071,036010,아비코전자,1821
1072,333620,엔시스,1820
1073,396690,미래에셋글로벌리츠,1819
1074,014200,광림,1818
1075,160980,싸이맥스,1818
1076,005160,동국산업,1817
1077,334890,이지스밸류리츠,1815
1078,261780,차백신연구소,1815
1079,058630,엠게임,1811
1080,040910,아이씨디,1806
1081,004960,한신공영,1805
1082,082850,우리바이오,1805
1083,038390,레드캡투어,1799
1084,058970,엠로,1799
1085,046390,삼화네트웍스,1798
1086,207760,미스터블루,1797
1087,033560,블루콤,1795
1088,080220,제주반도체,1794
1089,018120,진로발효,1794
1090,353810,이지바이오,1791
1091,369370,블리츠웨이,1790
1092,063160,종근당바이오,1788
1093,083930,아바코,1787
1094,079940,가비아,1786
1095,078150,HB테크놀러지,1785
1096,052020,에스티큐브,1785
1097,210540,디와이파워,1783
1098,111710,남화산업,1778
1099,119830,아이텍,1778
1100,159580,제로투세븐,1772
1101,048910,대원미디어,1767
1102,02826K,삼성물산우B,1765
1103,089890,코세스,1758
1104,290720,푸드나무,1752
1105,008700,아남전자,1750
1106,373200,하인크코리아,1750
1107,168490,한국패러랠,1748
1108,009270,신원,1744
1109,078890,가온미디어,1744
1110,016880,웅진,1738
1111,043650,국순당,1737
1112,094850,참좋은여행,1729
1113,102280,쌍방울,1727
1114,109740,디에스케이,1726
1115,340930,유일에너테크,1723
1116,217600,켐온,1711
1117,007330,푸른저축은행,1711
1118,051380,피씨디렉트,1710
1119,007280,한국특강,1710
1120,084730,팅크웨어,1709
1121,282690,동아타이어,1709
1122,093520,매커스,1705
1123,010580,에스엠벡셀,1702
1124,353590,오토앤,1699
1125,215100,로보로보,1697
1126,006380,카프로,1696
1127,041440,현대에버다임,1694
1128,009470,삼화전기,1689
1129,139670,키네마스터,1686
1130,012800,대창,1686
1131,104620,노랑풍선,1682
1132,289080,SV인베스트먼트,1682
1133,023910,대한약품,1680
1134,054670,대한뉴팜,1679
1135,066410,버킷스튜디오,1676
1136,065530,와이어블,1675
1137,066980,이엔코퍼레이션,1674
1138,041930,동아화성,1666
1139,093230,이아이디,1665
1140,002170,삼양통상,1665
1141,236200,슈프리마,1661
1142,255440,야스,1658
1143,208640,썸에이지,1656
1144,067390,아스트,1653
1145,053260,금강철강,1649
1146,001750,한양증권,1648
1147,007540,샘표,1647
1148,176440,에이치엔티,1646
1149,372910,한컴라이프케어,1641
1150,110990,디아이티,1634
1151,004540,깨끗한나라,1633
1152,058400,KNN,1628
1153,052330,코텍,1627
1154,003830,대한화섬,1626
1155,226330,신테카바이오,1621
1156,046140,SBS콘텐츠허브,1618
1157,073560,우리손에프앤지,1616
1158,156100,엘앤케이바이오,1613
1159,010170,대한광통신,1611
1160,33626K,두산퓨얼셀1우,1610
1161,234690,녹십자웰빙,1606
1162,171090,선익시스템,1606
1163,368770,파이버프로,1606
1164,348350,위드텍,1603
1165,066700,테라젠이텍스,1599
1166,071200,인피니트헬스케어,1595
1167,002700,신일전자,1595
1168,104200,NHN벅스,1593
1169,027050,코리아나,1586
1170,186230,그린플러스,1585
1171,201490,미투온,1584
1172,011370,서한,1584
1173,100700,세운메디칼,1576
1174,060900,대한그린파워,1574
1175,015540,쎌마테라퓨틱스,1573
1176,004080,신흥,1572
1177,265560,영화테크,1566
1178,057680,티사이언티픽,1566
1179,215360,우리산업,1566
1180,187870,디바이스이엔지,1565
1181,214270,FSN,1565
1182,032560,황금에스티,1562
1183,388720,유일로보틱스,1561
1184,096775,SK이노베이션우,1560
1185,073640,테라사이언스,1559
1186,193250,와이제이엠게임즈,1558
1187,004140,동방,1556
1188,000860,강남제비스코,1556
1189,314930,바이오다인,1554
1190,015230,대창단조,1554
1191,004310,현대약품,1553
1192,190510,나무가,1552
1193,039860,나노엔텍,1552
1194,352910,오비고,1551
1195,052420,오성첨단소재,1551
1196,294140,레몬,1550
1197,010040,한국내화,1550
1198,138360,협진,1550
1199,051360,토비스,1549
1200,069460,대호에이엘,1544
1201,199820,제일전기공업,1544
1202,000700,유수홀딩스,1544
1203,109860,동일금속,1542
1204,258830,세종메디칼,1541
1205,270870,뉴트리,1541
1206,000320,노루홀딩스,1541
1207,205500,액션스퀘어,1540
1208,134380,미원화학,1537
1209,003560,IHQ,1536
1210,236810,엔비티,1536
1211,023800,인지컨트롤스,1533
1212,082210,옵트론텍,1532
1213,123690,한국화장품,1531
1214,253590,네오셈,1530
1215,008970,동양철관,1527
1216,352700,씨앤투스성진,1524
1217,017040,광명전기,1523
1218,205100,엑셈,1521
1219,109610,에스와이,1521
1220,039340,한국경제TV,1520
1221,218150,미래생명자원,1520
1222,017900,광전자,1518
1223,068330,일신바이오,1516
1224,108860,셀바스AI,1513
1225,002140,고려산업,1511
1226,043910,자연과환경,1509
1227,105550,트루윈,1506
1228,241790,오션브릿지,1505
1229,036560,영풍정밀,1499
1230,257720,실리콘투,1498
1231,171120,라이온켐텍,1498
1232,101930,인화정공,1497
1233,276040,스코넥,1496
1234,012690,모나리자,1495
1235,085670,뉴프렉스,1488
1236,192250,케이사인,1487
1237,068790,DMS,1486
1238,244920,에이플러스에셋,1480
1239,128660,피제이메탈,1478
1240,347890,엠투아이,1478
1241,049960,쎌바이오텍,1475
1242,014470,부방,1474
1243,263700,케어랩스,1474
1244,030960,양지사,1468
1245,002450,삼익악기,1466
1246,053450,세코닉스,1465
1247,267290,경동도시가스,1462
1248,040300,YTN,1461
1249,005430,한국공항,1461
1250,064820,케이프,1460
1251,014940,오리엔탈정공,1460
1252,204620,글로벌텍스프리,1458
1253,067570,엔브이에이치코리아,1457
1254,053080,원방테크,1455
1255,021880,메이슨캐피탈,1455
1256,060240,룽투코리아,1454
1257,089470,HDC현대EP,1451
1258,003547,대신증권2우B,1450
1259,122310,제노레이,1449
1260,136410,아셈스,1449
1261,189980,흥국에프엔비,1449
1262,396300,세아메카닉스,1448
1263,002220,한일철강,1447
1264,014530,극동유화,1447
1265,348030,모비릭스,1445
1266,130580,나이스디앤비,1439
1267,003610,방림,1438
1268,095190,이엠코리아,1434
1269,003460,유화증권,1434
1270,008260,NI스틸,1428
1271,004150,한솔홀딩스,1426
1272,009190,대양금속,1426
1273,307930,컴퍼니케이,1426
1274,054220,비츠로시스,1426
1275,276730,제주맥주,1425
1276,311390,네오크레마,1422
1277,046110,한일네트웍스,1422
1278,005740,크라운해태홀딩스,1419
1279,100840,SNT에너지,1418
1280,347770,핌스,1416
1281,067080,대화제약,1416
1282,206400,베노홀딩스,1414
1283,009810,플레이그램,1413
1284,040350,큐로컴,1410
1285,122350,삼기,1410
1286,335890,비올,1409
1287,256940,케이피에스,1409
1288,122640,예스티,1405
1289,140670,알에스오토메이션,1404
1290,003650,미창석유,1403
1291,044060,조광ILI,1401
1292,308170,센트랄모텍,1394
1293,251630,브이원텍,1393
1294,120240,대정화금,1391
1295,217730,강스템바이오텍,1388
1296,066620,국보디자인,1387
1297,067830,세이브존I&C,1387
1298,004060,SG세계물산,1384
1299,039290,인포뱅크,1382
1300,049550,잉크테크,1382
1301,214430,아이쓰리시스템,1378
1302,120030,조선선재,1377
1303,041460,한국전자인증,1377
1304,241710,코스메카코리아,1377
1305,060310,3S,1376
1306,043220,티에스넥스젠,1375
1307,155650,와이엠씨,1374
1308,032850,비트컴퓨터,1373
1309,019440,세아특수강,1371
1310,066590,우수AMS,1371
1311,005990,매일홀딩스,1371
1312,104540,코렌텍,1369
1313,950140,잉글우드랩,1368
1314,071970,STX중공업,1368
1315,005870,휴니드,1367
1316,126880,제이엔케이히터,1366
1317,153710,옵티팜,1364
1318,361570,알비더블유,1364
1319,016250,SGC이테크건설,1362
1320,290380,대유,1359
1321,086040,바이오톡스텍,1359
1322,142280,녹십자엠에스,1359
1323,011320,유니크,1358
1324,241520,DSC인베스트먼트,1357
1325,225190,삼양옵틱스,1356
1326,227950,엔투텍,1355
1327,072020,중앙백신,1354
1328,001840,이화공영,1352
1329,052300,초록뱀컴퍼니,1352
1330,298060,에스씨엠생명과학,1352
1331,013720,CBI,1349
1332,020710,시공테크,1349
1333,013310,아진산업,1348
1334,087260,모바일어플라이언스,1347
1335,053690,한미글로벌,1347
1336,081150,티플랙스,1346
1337,096040,이트론,1346
1338,066310,큐에스아이,1344
1339,128540,에코캡,1343
1340,28513K,SK케미칼우,1343
1341,072870,메가스터디,1341
1342,066670,디스플레이텍,1340
1343,011150,CJ씨푸드,1340
1344,067170,오텍,1337
1345,093190,빅솔론,1335
1346,203400,에이비온,1334
1347,377330,이지트로닉스,1334
1348,950110,SBI핀테크솔루션즈,1334
1349,108380,대양전기공업,1334
1350,129890,앱코,1331
1351,352770,클리노믹스,1328
1352,042940,상지카일룸,1327
1353,310200,애니플러스,1327
1354,036620,감성코퍼레이션,1325
1355,123570,이엠넷,1325
1356,214420,토니모리,1325
1357,163730,핑거,1324
1358,239340,줌인터넷,1322
1359,303530,이노뎁,1320
1360,012860,모베이스전자,1319
1361,370090,퓨런티어,1318
1362,187420,제노포커스,1316
1363,007110,일신석재,1316
1364,264900,크라운제과,1315
1365,006340,대원전선,1313
1366,191420,테고사이언스,1313
1367,065560,녹원씨엔아이,1313
1368,311320,지오엘리먼트,1311
1369,001540,안국약품,1310
1370,217500,러셀,1309
1371,347740,피엔케이피부임상연구센타,1309
1372,025550,한국선재,1307
1373,354200,엔젠바이오,1305
1374,357880,비트나인,1304
1375,007820,에스엠코어,1304
1376,025750,한솔홈데코,1301
1377,064800,젬백스링크,1301
1378,091090,세원이앤씨,1300
1379,007680,대원,1300
1380,035610,솔본,1298
1381,950170,JTC,1298
1382,034300,신세계건설,1296
1383,208340,파멥신,1294
1384,013990,아가방컴퍼니,1292
1385,064240,홈캐스트,1291
1386,003480,한진중공업홀딩스,1290
1387,158430,아톤,1290
1388,002360,SH에너지화학,1289
1389,003350,한국화장품제조,1289
1390,000300,대유플러스,1288
1391,050110,캠시스,1288
1392,016600,큐캐피탈,1286
1393,300120,라온피플,1282
1394,198440,고려시멘트,1282
1395,382480,지아이텍,1279
1396,014580,태경비케이,1277
1397,083650,비에이치아이,1275
1398,025820,이구산업,1275
1399,261200,덴티스,1275
1400,090410,덕신하우징,1274
1401,339950,아이비김영,1274
1402,214610,미코바이오메드,1273
1403,290090,트윔,1268
1404,019990,에너토크,1268
1405,054800,아이디스홀딩스,1267
1406,092870,엑시콘,1267
1407,071460,위니아,1266
1408,149980,하이로닉,1263
1409,004650,창해에탄올,1263
1410,092440,기신정기,1258
1411,049720,고려신용정보,1258
1412,079960,동양이엔피,1257
1413,042510,라온시큐어,1256
1414,170030,현대공업,1256
1415,024890,대원화성,1251
1416,002410,범양건영,1251
1417,005750,대림B&Co,1250
1418,330730,스톤브릿지벤처스,1250
1419,002880,대유에이텍,1248
1420,023000,삼원강재,1248
1421,009200,무림페이퍼,1244
1422,009460,한창제지,1244
1423,377220,프롬바이오,1244
1424,004720,팜젠사이언스,1242
1425,056090,에디슨INNO,1242
1426,330350,위더스제약,1241
1427,141000,비아트론,1241
1428,302430,이노메트리,1238
1429,159910,스킨앤스킨,1235
1430,047560,이스트소프트,1234
1431,241770,메카로,1233
1432,004830,덕성,1232
1433,033320,제이씨현시스템,1229
1434,060370,KT서브마린,1226
1435,069540,라이트론,1223
1436,192410,THQ,1223
1437,367000,플래티어,1219
1438,222040,코스맥스엔비티,1219
1439,247660,나노씨엠에스,1218
1440,005710,대원산업,1216
1441,016740,두올,1215
1442,225220,제놀루션,1215
1443,036120,SCI평가정보,1214
1444,044820,코스맥스비티아이,1214
1445,000890,보해양조,1213
1446,065510,휴비츠,1212
1447,215090,휴센텍,1208
1448,046210,파나진,1208
1449,053270,구영테크,1206
1450,052790,액토즈소프트,1206
1451,068940,아이씨케이,1205
1452,137080,나래나노텍,1205
1453,008250,이건산업,1204
1454,032790,BNGT,1203
1455,134580,탑코미디어,1203
1456,037230,한국팩키지,1201
1457,263600,덕우전자,1199
1458,038070,서린바이오,1198
1459,001290,상상인증권,1197
1460,040420,정상제이엘에스,1194
1461,004440,삼일씨엔에스,1194
1462,000220,유유제약,1194
1463,302550,리메드,1194
1464,100590,머큐리,1193
1465,347000,센코,1192
1466,010960,삼호개발,1191
1467,033830,티비씨,1190
1468,034590,인천도시가스,1189
1469,03473K,SK우,1188
1470,304840,피플바이오,1187
1471,350520,이지스레지던스리츠,1186
1472,150900,파수,1186
1473,217820,엔에스,1185
1474,038680,에스넷,1185
1475,036640,HRS,1184
1476,297090,씨에스베어링,1183
1477,053980,오상자이엘,1183
1478,047400,유니온머티리얼,1180
1479,219130,타이거일렉,1180
1480,086820,바이오솔루션,1180
1481,267320,나인테크,1179
1482,227840,현대코퍼레이션홀딩스,1178
1483,001045,CJ우,1173
1484,039240,경남스틸,1172
1485,012200,계양전기,1168
1486,080000,에스엔유,1168
1487,024950,삼천리자전거,1168
1488,009780,엠에스씨,1166
1489,089140,넥스턴바이오,1164
1490,131030,디에이치피코리아,1163
1491,204630,스튜디오산타클로스,1162
1492,002600,조흥,1161
1493,007980,태평양물산,1160
1494,071670,에이테크솔루션,1160
1495,024060,흥구석유,1159
1496,018700,바른손,1158
1497,057540,옴니시스템,1158
1498,304100,솔트룩스,1157
1499,005320,국동,1156
1500,093920,서원인텍,1155
1501,007720,대명소노시즌,1154
1502,019010,베뉴지,1154
1503,076610,해성옵틱스,1154
1504,265740,엔에프씨,1152
1505,016090,대현,1149
1506,333430,일승,1149
1507,101140,인바이오젠,1148
1508,011090,에넥스,1148
1509,017180,명문제약,1147
1510,011810,STX,1147
1511,031860,엔에스엔,1147
1512,004840,DRB동일,1145
1513,114840,아이패밀리에스씨,1145
1514,002760,보락,1144
1515,366030,공구우먼,1142
1516,079810,디이엔티,1142
1517,038110,에코플라스틱,1142
1518,042040,케이피엠테크,1141
1519,203690,프로스테믹스,1140
1520,027830,대성창투,1138
1521,376290,씨유테크,1138
1522,066130,하츠,1137
1523,031820,콤텍시스템,1136
1524,006140,피제이전자,1135
1525,020760,일진디스플,1133
1526,317240,TS트릴리온,1132
1527,023770,플레이위드,1131
1528,173940,에프엔씨엔터,1127
1529,006370,대구백화점,1125
1530,015710,코콤,1123
1531,037950,엘컴텍,1123
1532,009300,삼아제약,1121
1533,200470,에이팩트,1121
1534,002795,아모레G우,1121
1535,900100,애머릿지,1120
1536,003310,대주산업,1120
1537,004410,서울식품,1120
1538,075180,새론오토모티브,1117
1539,012790,신일제약,1116
1540,163560,동일고무벨트,1116
1541,004770,써니전자,1115
1542,068050,팬엔터테인먼트,1114
1543,014190,원익큐브,1113
1544,105330,케이엔더블유,1109
1545,037440,희림,1108
1546,338220,뷰노,1108
1547,234300,에스트래픽,1108
1548,053290,NE능률,1107
1549,000520,삼일제약,1107
1550,377480,마인즈랩,1106
1551,059120,아진엑스텍,1106
1552,189860,서전기전,1105
1553,305090,마이크로디지탈,1104
1554,005800,신영와코루,1102
1555,006880,신송홀딩스,1102
1556,071090,하이스틸,1099
1557,001550,조비,1098
1558,009180,한솔로지스틱스,1097
1559,380440,엔에이치스팩19호,1097
1560,063440,SM Life Design,1095
1561,001260,남광토건,1095
1562,056730,CNT85,1095
1563,260660,알리코제약,1095
1564,009320,대우부품,1093
1565,014970,삼륭물산,1092
1566,051490,나라엠앤디,1090
1567,002720,국제약품,1090
1568,152550,한국ANKOR유전,1088
1569,015590,큐로,1086
1570,041910,에스텍파마,1083
1571,011390,부산산업,1082
1572,264660,씨앤지하이테크,1082
1573,33637K,솔루스첨단소재1우,1082
1574,004270,남성,1082
1575,033130,디지틀조선,1080
1576,003720,삼영화학,1077
1577,048430,유라테크,1077
1578,002630,오리엔트바이오,1076
1579,027740,마니커,1073
1580,134790,시디즈,1072
1581,065950,웰크론,1071
1582,035000,지투알,1071
1583,000910,유니온,1070
1584,272110,케이엔제이,1069
1585,013870,지엠비코리아,1069
1586,019175,신풍제약우,1069
1587,027580,상보,1068
1588,036670,KCI,1068
1589,221840,하이즈항공,1068
1590,019660,글로본,1064
1591,389030,지니너스,1063
1592,049480,오픈베이스,1063
1593,006660,삼성공조,1060
1594,359090,씨엔알리서치,1059
1595,010600,웰바이오텍,1059
1596,318010,팜스빌,1058
1597,042110,에스씨디,1056
1598,109820,진매트릭스,1056
1599,091590,남화토건,1056
1600,322780,코퍼스코리아,1054
1601,129260,인터지스,1054
1602,200350,래몽래인,1054
1603,024120,KB오토시스,1052
1604,000500,가온전선,1052
1605,047080,한빛소프트,1052
1606,013810,스페코,1052
1607,089150,케이씨티,1051
1608,263690,디알젬,1048
1609,017000,신원종합개발,1046
1610,039020,이건홀딩스,1046
1611,045660,에이텍,1044
1612,200780,비씨월드제약,1044
1613,950200,소마젠,1044
1614,098120,마이크로컨텍솔,1043
1615,012160,영흥,1043
1616,036090,위지트,1043
1617,017480,삼현철강,1042
1618,336060,웨이버스,1041
1619,042520,한스바이오메드,1040
1620,189330,씨이랩,1039
1621,001080,만호제강,1037
1622,065170,비엘팜텍,1036
1623,078140,대봉엘에스,1034
1624,143210,핸즈코퍼레이션,1034
1625,065130,탑엔지니어링,1033
1626,196490,디에이테크놀로지,1033
1627,060230,소니드,1033
1628,004590,한국가구,1032
1629,009440,KC그린홀딩스,1030
1630,003780,진양산업,1030
1631,382800,지앤비에스엔지니어링,1028
1632,022220,TKG애강,1028
1633,065710,서호전기,1027
1634,303030,지니틱스,1027
1635,001020,페이퍼코리아,1025
1636,109960,에이프로젠 H&G,1025
1637,317690,퀀타매트릭스,1023
1638,117730,티로보틱스,1023
1639,089230,THE E&M,1019
1640,024900,덕양산업,1017
1641,327260,RF머트리얼즈,1016
1642,357250,미래에셋맵스리츠,1015
1643,099220,SDN,1014
1644,086670,비엠티,1014
1645,171010,램테크놀러지,1014
1646,263800,데이타솔루션,1012
1647,013700,까뮤이앤씨,1011
1648,065150,엠피대산,1009
1649,002200,한국수출포장,1008
1650,004910,조광페인트,1007
1651,064850,에프앤가이드,1006
1652,078000,텔코웨어,1004
1653,007590,동방아그로,1003
1654,246690,TS인베스트먼트,1001
1655,033230,인성정보,1001
1656,034940,조아제약,1000
1657,019590,엠벤처투자,999
1658,090470,제이스텍,998
1659,033540,파라텍,997
1660,177350,베셀,996
1661,014710,사조씨푸드,996
1662,058730,다스코,995
1663,037330,인지디스플레,991
1664,264850,이랜시스,991
1665,351330,이삭엔지니어링,990
1666,053590,한국테크놀로지,989
1667,273640,와이엠텍,986
1668,039830,오로라,984
1669,058110,멕아이씨에스,983
1670,089850,유비벨록스,981
1671,097870,효성오앤비,980
1672,105740,디케이락,980
1673,029480,광무,979
1674,073570,WI,978
1675,049430,코메론,977
1676,040610,SG&G,976
1677,196450,코아시아옵틱스,975
1678,016670,디모아,975
1679,024800,유성티엔에스,975
1680,111110,호전실업,974
1681,058850,KTcs,973
1682,035290,골드앤에스,972
1683,155660,DSR,971
1684,164060,이루다,970
1685,024880,케이피에프,970
1686,035460,기산텔레콤,969
1687,315640,딥노이드,969
1688,023350,한국종합기술,967
1689,023440,제이스코홀딩스,967
1690,052220,iMBC,967
1691,269620,시스웍,965
1692,000157,두산2우B,964
1693,032680,소프트센,963
1694,092460,한라IMS,963
1695,024740,한일단조,962
1696,004450,삼화왕관,961
1697,258610,케일럼,960
1698,234100,폴라리스세원,960
1699,001560,제일연마,959
1700,012170,아센디오,958
1701,008420,문배철강,954
1702,037370,EG,953
1703,010240,흥국,952
1704,317870,엔바이오니아,952
1705,053700,삼보모터스,952
1706,000650,천일고속,951
1707,092600,앤씨앤,950
1708,293580,나우IB,950
1709,094170,동운아나텍,949
1710,072770,율호,948
1711,124500,아이티센,948
1712,006090,사조오양,946
1713,115440,우리넷,945
1714,365900,브이씨,943
1715,026940,부국철강,942
1716,012340,뉴인텍,941
1717,052600,한네트,941
1718,035620,바른손이앤에이,941
1719,084180,EV수성,940
1720,049800,우진플라임,938
1721,000950,전방,937
1722,014570,고려제약,936
1723,027970,세하,935
1724,256150,한독크린텍,935
1725,094860,네오리진,934
1726,065650,메디프론,933
1727,008830,대동기어,930
1728,250000,보라티알,928
1729,335810,프리시젼바이오,928
1730,338100,NH프라임리츠,925
1731,119650,KC코트렐,924
1732,118000,초록뱀헬스케어,923
1733,170790,파이오링크,922
1734,023810,인팩,919
1735,025620,제이준코스메틱,919
1736,017650,대림제지,918
1737,143540,영우디에스피,918
1738,100220,비상교육,918
1739,011330,유니켐,918
1740,133820,화인베스틸,916
1741,131400,이브이첨단소재,915
1742,010100,한국프랜지,915
1743,267790,배럴,914
1744,066900,디에이피,914
1745,088130,동아엘텍,912
1746,040160,누리플렉스,911
1747,033200,모아텍,910
1748,238490,힘스,908
1749,041650,상신브레이크,908
1750,024810,이화전기,905
1751,038620,위즈코프,905
1752,270520,지엔원에너지,905
1753,072990,에이치시티,905
1754,159010,아스플로,904
1755,226440,한송네오텍,904
1756,024910,경창산업,902
1757,044960,이글벳,902
1758,006980,우성,900
1759,058860,KTis,897
1760,033100,제룡전기,894
1761,090080,평화산업,894
1762,038460,바이오스마트,893
1763,090150,아이윈,893
1764,014440,영보화학,893
1765,046940,우원개발,891
1766,211050,인카금융서비스,891
1767,100660,서암기계공업,889
1768,043590,크로바하이텍,888
1769,309930,오하임아이엔티,886
1770,228340,동양파일,885
1771,208140,정다운,884
1772,092300,현우산업,883
1773,085310,엔케이,883
1774,002690,동일제강,882
1775,096630,에스코넥,880
1776,069510,에스텍,879
1777,047770,코데즈컴바인,877
1778,050960,수산아이앤티,877
1779,041920,메디아나,876
1780,006580,대양제지,875
1781,357550,석경에이티,875
1782,307180,아이엘사이언스,874
1783,021050,서원,873
1784,038870,에코바이오,873
1785,322510,제이엘케이,871
1786,042500,링네트,869
1787,032540,TJ미디어,869
1788,106520,노블엠앤비,868
1789,053350,이니텍,868
1790,123410,코리아에프티,868
1791,011560,세보엠이씨,867
1792,062860,티엘아이,866
1793,290690,소룩스,866
1794,229000,젠큐릭스,865
1795,187660,에이디엠코리아,865
1796,086710,선진뷰티사이언스,862
1797,037350,성도이엔지,861
1798,001140,국보,860
1799,072520,제넨바이오,859
1800,023960,에쓰씨엔지니어링,858
1801,045520,크린앤사이언스,858
1802,37550L,DL이앤씨2우(전환),858
1803,214680,디알텍,857
1804,089790,제이티,856
1805,053620,태양,855
1806,012320,경동인베스트,854
1807,002230,피에스텍,853
1808,291650,압타머사이언스,853
1809,332290,누보,853
1810,002800,신신제약,852
1811,222110,팬젠,851
1812,097800,윈팩,851
1813,237820,플레이디,850
1814,312610,에이에프더블류,850
1815,032940,원익,849
1816,014100,메디앙스,849
1817,263770,유에스티,849
1818,072470,우리산업홀딩스,848
1819,030350,드래곤플라이,847
1820,052900,KMH하이텍,846
1821,043340,에쎈테크,846
1822,039420,케이엘넷,846
1823,120115,코오롱인더우,845
1824,005360,모나미,845
1825,013520,화승코퍼레이션,845
1826,101330,모베이스,845
1827,187220,디티앤씨,844
1828,004780,대륙제관,844
1829,083500,에프엔에스테크,844
1830,069730,DSR제강,842
1831,053950,경남제약,842
1832,043260,성호전자,841
1833,036180,지더블유바이텍,838
1834,037030,파워넷,836
1835,065440,이루온,833
1836,041520,이라이콤,833
1837,222980,한국맥널티,833
1838,255220,SG,832
1839,263860,지니언스,831
1840,056700,신화인터텍,830
1841,008600,윌비스,827
1842,089530,에이티세미콘,825
1843,002920,유성기업,825
1844,088910,동우팜투테이블,825
1845,071280,로체시스템즈,824
1846,003080,성보화학,824
1847,096350,대창솔루션,823
1848,242040,나무기술,823
1849,039010,현대에이치티,820
1850,075970,동국알앤에스,820
1851,083550,케이엠,819
1852,273060,와이즈버즈,819
1853,109080,옵티시스,817
1854,057030,YBM넷,815
1855,153490,우리이앤엘,815
1856,119850,지엔씨에너지,814
1857,004870,티웨이홀딩스,814
1858,114450,KPX생명과학,813
1859,222160,바이옵트로,812
1860,060850,영림원소프트랩,812
1861,262840,아이퀘스트,812
1862,900290,GRT,811
1863,023460,CNH,810
1864,006200,한국전자홀딩스,809
1865,067920,이글루,809
1866,092780,동양피스톤,809
1867,021820,세원정공,809
1868,222420,쎄노텍,809
1869,351320,에스에이티이엔지,807
1870,076080,웰크론한텍,807
1871,127710,아시아경제,806
1872,378850,화승알앤에이,806
1873,219420,링크제니시스,804
1874,158310,참존글로벌,803
1875,056360,코위버,803
1876,003010,혜인,802
1877,170920,엘티씨,801
1878,078860,아이오케이,800
1879,001380,SG글로벌,800
1880,069410,엔텔스,799
1881,215790,이노인스트루먼트,799
1882,094940,푸른기술,798
1883,065370,위세아이텍,795
1884,050860,아세아텍,794
1885,126870,뉴로스,794
1886,900250,크리스탈신소재,793
1887,080520,오디텍,792
1888,340360,다보링크,791
1889,064520,바른전자,790
1890,321820,와이더플래닛,787
1891,083660,CSA 코스믹,787
1892,106190,하이텍팜,786
1893,073110,엘엠에스,785
1894,010470,오리콤,784
1895,037760,쎄니트,783
1896,307870,비투엔,783
1897,299170,더블유에스아이,782
1898,260970,에스앤디,781
1899,048770,TPC,780
1900,036170,클라우드에어,779
1901,096690,에이루트,779
1902,340440,세림B&G,777
1903,290740,액트로,776
1904,900280,골든센츄리,771
1905,148250,알엔투테크놀로지,771
1906,085910,네오티스,771
1907,054040,한국컴퓨터,769
1908,106080,하이소닉,768
1909,008110,대동전자,768
1910,019180,티에이치엔,765
1911,133750,메가엠디,764
1912,111870,KH 전자,764
1913,007370,진양제약,764
1914,023150,MH에탄올,763
1915,140520,대창스틸,763
1916,087600,픽셀플러스,761
1917,049830,승일,760
1918,093640,다믈멀티미디어,760
1919,000040,KR모터스,760
1920,321260,프로이천,759
1921,226360,KH 건설,757
1922,006805,미래에셋증권우,754
1923,317850,대모,753
1924,217190,제너셈,752
1925,037400,우리엔터프라이즈,751
1926,137940,넥스트아이,751
1927,000590,CS홀딩스,751
1928,126640,화신정공,751
1929,000850,화천기공,750
1930,051780,큐로홀딩스,749
1931,094840,슈프리마에이치큐,746
1932,115500,케이씨에스,746
1933,277410,인산가,744
1934,012280,영화금속,742
1935,001810,무림SP,741
1936,289010,아이스크림에듀,739
1937,297570,알로이스,739
1938,139050,시티랩스,737
1939,127120,디엔에이링크,736
1940,219550,디와이디,736
1941,016920,카스,736
1942,195500,마니커에프앤지,735
1943,115310,인포바인,735
1944,024840,KBI메탈,734
1945,363250,진시스템,732
1946,010660,화천기계,732
1947,049630,재영솔루텍,729
1948,277070,린드먼아시아,727
1949,002870,신풍제지,725
1950,025880,케이씨피드,723
1951,060540,에스에이티,722
1952,376930,노을,720
1953,015020,이스타코,719
1954,109070,컨버즈,719
1955,37550K,DL이앤씨우,718
1956,065060,지엔코,718
1957,025440,대성엘텍,715
1958,117670,알파홀딩스,714
1959,347700,라이프시맨틱스,713
1960,009620,삼보산업,712
1961,900340,윙입푸드,712
1962,290120,대유에이피,712
1963,257370,명성티엔에스,711
1964,045060,오공,711
1965,169330,엠브레인,710
1966,080010,이상네트웍스,708
1967,147830,제룡산업,708
1968,317830,에스피시스템스,707
1969,041020,폴라리스오피스,707
1970,095910,에스에너지,706
1971,009770,삼정펄프,706
1972,318410,비비씨,705
1973,238120,얼라인드,704
1974,050760,에스폴리텍,704
1975,122690,서진오토모티브,703
1976,226340,본느,703
1977,189690,포시에스,702
1978,101240,씨큐브,701
1979,317120,라닉스,699
1980,223250,드림씨아이에스,699
1981,085810,알티캐스트,699
1982,252500,세화피앤씨,699
1983,123010,아이윈플러스,698
1984,190650,코리아에셋투자증권,696
1985,000725,현대건설우,696
1986,059270,해성티피씨,695
1987,095270,웨이브일렉트로,695
1988,204840,지엘팜텍,695
1989,307280,원바이오젠,694
1990,900260,로스웰,693
1991,103840,우양,692
1992,044480,블루베리 NFT,692
1993,038530,골드퍼시픽,692
1994,900310,컬러레이,691
1995,101170,우림피티에스,688
1996,130500,GH신소재,687
1997,100030,모바일리더,686
1998,220180,핸디소프트,685
1999,142210,유니트론텍,685
2000,230980,에이트원,685
2001,052670,제일바이오,684
2002,238200,비피도,684
2003,054090,삼진엘앤디,683
2004,331920,셀레믹스,683
2005,145270,케이탑리츠,682
2006,010280,쌍용정보통신,681
2007,080720,한국유니온제약,680
2008,008870,금비,680
2009,017510,세명전기,678
2010,048470,대동스틸,678
2011,073010,케이에스피,676
2012,005670,푸드웰,676
2013,002070,비비안,676
2014,002820,SUN&L,675
2015,000105,유한양행우,674
2016,094970,제이엠티,674
2017,372800,아이티아이즈,673
2018,039610,화성밸브,673
2019,014130,한익스프레스,672
2020,154030,아시아종묘,672
2021,000215,DL우,671
2022,224110,에이텍티앤,670
2023,217480,에스디생명공학,669
2024,009310,참엔지니어링,668
2025,208370,셀바스헬스케어,668
2026,215480,토박스코리아,665
2027,078935,GS우,660
2028,352940,인바이오,660
2029,177830,파버나인,659
2030,038010,제일테크노스,659
2031,198080,엔피디,658
2032,065570,삼영이엔씨,654
2033,060380,동양에스텍,654
2034,114190,강원에너지,653
2035,043090,한창바이오텍,653
2036,032860,휴먼엔,652
2037,019770,서연탑메탈,652
2038,052860,아이앤씨,651
2039,038060,루멘스,649
2040,013000,세우글로벌,648
2041,053160,프리엠스,648
2042,388050,지투파워,647
2043,038950,파인디지털,647
2044,250060,모비스,646
2045,036690,코맥스,645
2046,059210,메타바이오메드,644
2047,050120,ES큐브,642
2048,123700,SJM,640
2049,066360,체리부로,639
2050,001275,부국증권우,639
2051,123840,한일진공,639
2052,294630,서남,638
2053,014990,인디에프,638
2054,246720,아스타,638
2055,019570,리더스 기술투자,637
2056,093240,형지엘리트,634
2057,101000,상상인인더스트리,632
2058,318000,KBG,632
2059,054930,유신,631
2060,096640,멜파스,631
2061,045340,토탈소프트,629
2062,069110,코스온,629
2063,054540,삼영엠텍,627
2064,044380,주연테크,627
2065,008370,원풍,627
2066,263540,어스앤에어로스페이스,625
2067,099440,스맥,624
2068,065500,오리엔트정공,623
2069,006570,대림통상,622
2070,147760,마이크로프랜드,622
2071,066910,손오공,622
2072,196300,애니젠,621
2073,031510,오스템,621
2074,196700,웹스,619
2075,104040,대성파인텍,618
2076,065420,에스아이리소스,618
2077,215380,우정바이오,617
2078,031310,아이즈비전,617
2079,001620,케이비아이동국실업,616
2080,131220,대한과학,615
2081,005305,롯데칠성우,615
2082,221980,케이디켐,615
2083,212560,네오오토,613
2084,353190,휴럼,612
2085,119500,포메탈,612
2086,175140,인포마크,610
2087,288980,모아데이타,608
2088,049120,파인디앤씨,607
2089,204020,그리티,607
2090,039310,세중,607
2091,021040,대호특수강,605
2092,016100,리더스코스메틱,605
2093,063760,이엘피,604
2094,308100,까스텔바작,604
2095,007770,한일화학,603
2096,018620,우진비앤지,602
2097,002680,한탑,602
2098,178780,유테크,602
2099,021650,한국큐빅,599
2100,225430,케이엠제약,598
2101,026040,제이에스티나,596
2102,250930,예선테크,595
2103,075130,플랜티넷,594
2104,052460,아이크래프트,592
2105,208710,바이오로그디바이스,592
2106,006920,모헨즈,590
2107,131090,시큐브,589
2108,079950,인베니아,589
2109,080470,성창오토텍,588
2110,067730,로지시스,588
2111,187270,신화콘텍,587
2112,064480,브리지텍,585
2113,083640,인콘,582
2114,032080,아즈텍WB,582
2115,091340,S&K폴리텍,582
2116,317530,캐리소프트,580
2117,046070,코다코,580
2118,322180,티라유텍,579
2119,263810,상신전자,579
2120,006050,국영지앤엠,579
2121,045510,정원엔시스,579
2122,046970,우리로,576
2123,090370,메타랩스,575
2124,054180,메디콕스,574
2125,046310,백금T&A,573
2126,010400,우진아이엔에스,573
2127,313760,윌링스,572
2128,173130,오파스넷,572
2129,065770,CS,567
2130,131180,딜리,566
2131,011420,갤럭시아에스엠,566
2132,072130,유엔젤,566
2133,056000,코원플레이,563
2134,258790,소프트캠프,562
2135,002290,삼일기업공사,562
2136,050090,비케이홀딩스,562
2137,101390,아이엠,562
2138,017370,우신시스템,560
2139,027040,서울전자통신,560
2140,043710,서울리거,554
2141,131760,파인텍,553
2142,121850,코이즈,553
2143,226400,오스테오닉,551
2144,012620,원일특강,550
2145,332370,아이디피,550
2146,114630,폴라리스우노,549
2147,203450,유니온커뮤니티,549
2148,290520,신도기연,548
2149,290270,휴네시온,548
2150,391060,엔에이치스팩20호,546
2151,078940,코드네이처,545
2152,025530,SJM홀딩스,545
2153,032750,삼진,545
2154,032580,피델릭스,543
2155,051630,진양화학,543
2156,036000,예림당,543
2157,010770,평화홀딩스,542
2158,246960,이노테라피,541
2159,067010,이씨에스,541
2160,099410,동방선기,541
2161,138070,신진에스엠,540
2162,007610,선도전기,540
2163,001000,신라섬유,540
2164,007530,영신금속,538
2165,025560,미래산업,538
2166,900110,이스트아시아홀딩스,537
2167,039980,리노스,537
2168,015260,에이엔피,536
2169,286750,나노브릭,536
2170,036480,대성미생물,535
2171,060300,레드로버,534
2172,356890,싸이버원,531
2173,008775,호텔신라우,531
2174,045300,성우테크론,531
2175,225590,패션플랫폼,530
2176,331380,포커스에이치엔에스,528
2177,900300,오가닉티코스메틱,527
2178,033340,좋은사람들,526
2179,028080,휴맥스홀딩스,525
2180,024830,세원물산,524
2181,035200,프럼파스트,523
2182,024940,PN풍년,522
2183,010640,진양폴리,521
2184,020180,대신정보통신,520
2185,153460,네이블,519
2186,376180,피코그램,519
2187,317770,슈프리마아이디,519
2188,059100,아이컴포넌트,518
2189,217620,디딤,518
2190,263020,디케이앤디,517
2191,279600,미디어젠,517
2192,030720,동원수산,516
2193,032980,바이온,511
2194,083470,이엠앤아이,511
2195,081580,성우전자,510
2196,009730,코센,510
2197,084670,동양고속,509
2198,049470,SGA,508
2199,184230,SGA솔루션즈,507
2200,079650,서산,507
2201,018680,서울제약,507
2202,007120,미래아이앤지,506
2203,008470,부스타,506
2204,082660,코스나인,505
2205,069140,누리플랜,505
2206,005820,원림,505
2207,024070,WISCOM,505
2208,043200,파루,503
2209,237750,피앤씨테크,503
2210,115530,씨엔플러스,502
2211,069640,한세엠케이,500
2212,079970,투비소프트,500
2213,019685,대교우B,496
2214,254120,자비스,496
2215,224060,코디엠,495
2216,079000,와토스코리아,491
2217,072950,빛샘전자,491
2218,054300,팬스타엔터프라이즈,490
2219,004100,태양금속,488
2220,320000,윈텍,488
2221,005030,부산주공,488
2222,222810,마이더스AI,487
2223,003680,한성기업,486
2224,000760,이화산업,484
2225,290660,네오펙트,484
2226,155900,바다로19호,483
2227,115480,씨유메디칼,483
2228,049520,유아이엘,481
2229,048830,엔피케이,478
2230,079190,케스피온,478
2231,361670,삼영에스앤씨,477
2232,005110,한창,476
2233,003535,한화투자증권우,475
2234,099390,브레인즈컴퍼니,474
2235,079170,한창산업,473
2236,050320,에스에이치엔엘,472
2237,003465,유화증권우,470
2238,023790,동일철강,467
2239,051390,YW,465
2240,123750,알톤스포츠,465
2241,024850,피에스엠씨,464
2242,080530,코디,462
2243,179530,애드바이오텍,462
2244,065690,파커스,462
2245,018500,동원금속,458
2246,025870,신라에스지,458
2247,003475,유안타증권우,453
2248,001210,금호전기,453
2249,091970,나노캠텍,452
2250,044780,에이치케이,452
2251,006125,SK디스커버리우,451
2252,032800,판타지오,450
2253,032960,동일기연,450
2254,33626L,두산퓨얼셀2우B,449
2255,086060,진바이오텍,448
2256,014910,성문전자,446
2257,223310,커머스마이너,442
2258,227100,에이치앤비디자인,441
2259,043100,솔고바이오,440
2260,141020,디에스앤엘,437
2261,093380,풍강,434
2262,208350,지란지교시큐리티,434
2263,234920,자이글,433
2264,032280,삼일,431
2265,192390,윈하이텍,431
2266,019540,일지테크,429
2267,004920,씨아이테크,429
2268,088790,진도,428
2269,160600,이큐셀,427
2270,154040,솔루에타,426
2271,197140,디지캡,425
2272,009140,경인전자,424
2273,073540,에프알텍,422
2274,060260,뉴보텍,421
2275,054940,엑사이엔씨,417
2276,002420,세기상사,416
2277,204210,모두투어리츠,416
2278,084870,TBH글로벌,414
2279,052770,아이톡시,413
2280,010420,한솔PNS,413
2281,066430,와이오엠,413
2282,033050,제이엠아이,410
2283,025890,한국주강,408
2284,011080,형지I&C,407
2285,064090,에프앤리퍼블릭,407
2286,096610,알에프세미,407
2287,008290,원풍물산,406
2288,060480,국일신동,405
2289,090740,연이비앤티,402
2290,130740,티피씨글로벌,400
2291,003495,대한항공우,399
2292,101400,엔시트론,399
2293,115610,이미지스,398
2294,00499K,롯데지주우,397
2295,900070,글로벌에스엠,397
2296,123330,제닉,392
2297,001420,태원물산,392
2298,310870,디와이씨,390
2299,098660,에스티오,380
2300,181340,이즈미디어,377
2301,001465,BYC우,376
2302,069330,유아이디,376
2303,099520,ITX-AI,376
2304,012600,센트럴인사이트,375
2305,323230,엠에프엠코리아,375
2306,071850,캐스텍코리아,374
2307,115570,스타플렉스,374
2308,091440,텔레필드,371
2309,138690,엘아이에스,369
2310,066790,씨씨에스,369
2311,039740,한국정보공학,367
2312,131100,스카이이앤엠,363
2313,011230,삼화전자,362
2314,187790,나노,361
2315,033250,체시스,360
2316,070590,한솔인티큐브,358
2317,009835,한화솔루션우,357
2318,067770,세진티에스,356
2319,053110,소리바다,354
2320,020400,대동금속,353
2321,191410,육일씨엔에쓰,350
2322,275630,에스에스알,349
2323,001770,SHD,348
2324,174880,장원테크,346
2325,145210,다이나믹디자인,345
2326,134060,이퓨쳐,341
2327,113810,디젠스,340
2328,003925,남양유업우,339
2329,043360,디지아이,338
2330,073190,듀오백,337
2331,026910,광진실업,329
2332,062970,피피아이,329
2333,214310,에스엘바이오닉스,329
2334,071950,코아스,327
2335,005257,녹십자홀딩스2우,327
2336,140910,에이리츠,326
2337,101670,코리아에스이,326
2338,007815,코리아써우,324
2339,096870,엘디티,320
2340,054410,케이피티유,319
2341,900120,씨케이에이치,319
2342,227610,아우딘퓨쳐스,318
2343,051980,중앙디앤엠,315
2344,35320K,대덕전자1우,311
2345,011300,성안,309
2346,182690,테라셈,304
2347,044180,KD,304
2348,004255,NPC우,303
2349,017250,인터엠,296
2350,110020,전진바이오팜,296
2351,058530,파나케이아,292
2352,054630,에이디칩스,288
2353,33637L,솔루스첨단소재2우B,286
2354,900270,헝셩그룹,286
2355,096300,베트남개발1,280
2356,064510,유네코,278
2357,108675,LX하우시스우,277
2358,148140,비디아이,276
2359,219750,지티지웰니스,272
2360,001795,대한제당우,271
2361,010145,삼성중공우,271
2362,058450,일야,267
2363,008500,일정실업,261
2364,004365,세방우,260
2365,299910,베스파,259
2366,001685,대상우,252
2367,36328K,티와이홀딩스우,252
2368,208860,엔지스테크널러지,252
2369,070300,엑스큐어,246
2370,127160,매직마이크로,244
2371,019490,하이트론,237
2372,000087,하이트진로2우B,235
2373,336570,대신밸런스제8호스팩,232
2374,114120,크루셜텍,227
2375,000225,유유제약1우,212
2376,161570,THE MIDONG,208
2377,002355,넥센타이어1우B,208
2378,053060,세동,205
2379,397500,대신밸런스제11호스팩,203
2380,38380K,LX홀딩스1우,203
2381,380320,삼성머스트스팩5호,196
2382,016385,KG스틸우,195
2383,18064K,한진칼우,192
2384,000075,삼양홀딩스우,190
2385,377630,삼성스팩4호,189
2386,363260,하나금융17호스팩,188
2387,002025,코오롱우,185
2388,103230,에스앤더블류,180
2389,391710,엔에이치스팩21호,180
2390,030790,비케이탑스,178
2391,000885,한화우,173
2392,03481K,해성산업1우,167
2393,038340,UCI,166
2394,393360,신한제8호스팩,161
2395,406760,하나금융21호스팩,161
2396,052190,세영디앤씨,160
2397,328380,미래에셋대우스팩3호,156
2398,004835,덕성우,146
2399,145995,삼양사우,145
2400,009415,태영건설우,143
2401,342550,케이비제20호스팩,143
2402,001515,SK증권우,142
2403,367480,유안타제8호스팩,142
2404,396770,엔에이치스팩22호,141
2405,033790,스카이문스테크놀로지,141
2406,388220,하나금융19호스팩,138
2407,412930,미래에셋비전스팩1호,135
2408,367340,DB금융스팩8호,131
2409,00806K,대덕1우,129
2410,413630,유진스팩8호,127
2411,404950,DB금융스팩10호,127
2412,004985,성신양회우,127
2413,387310,대신밸런스제10호스팩,126
2414,005725,넥센우,126
2415,340350,SK6호스팩,125
2416,367460,유안타제7호스팩,124
2417,351340,IBKS제13호스팩,122
2418,101680,한국정밀기계,121
2419,377400,하이제6호스팩,118
2420,409570,한국제10호스팩,118
2421,007575,일양약품우,118
2422,355150,교보10호스팩,117
2423,415580,상상인제3호스팩,114
2424,084695,대상홀딩스우,113
2425,353490,미래에셋대우스팩 5호,111
2426,353060,에이치엠씨제5호스팩,110
2427,400840,하이제7호스팩,110
2428,388800,유진스팩7호,109
2429,341160,하나금융15호스팩,109
2430,000995,DB하이텍1우,109
2431,26490K,크라운제과우,109
2432,333050,신한제6호스팩,108
2433,058220,아리온,107
2434,323280,신영스팩5호,105
2435,367360,DB금융스팩9호,105
2436,340120,하이제5호스팩,102
2437,332710,하나금융14호스팩,101
2438,405640,신한제9호스팩,99
2439,366330,신한제7호스팩,99
2440,001755,한양증권우,99
2441,344050,신영스팩6호,96
2442,386580,한화플러스제2호스팩,96
2443,397880,교보11호스팩,96
2444,419270,신영스팩7호,95
2445,372290,하나머스트7호스팩,94
2446,012205,계양전기우,94
2447,090355,노루페인트우,93
2448,353070,에이치엠씨제4호스팩,93
2449,337450,SK5호스팩,93
2450,003075,코오롱글로벌우,89
2451,331520,교보9호스팩,89
2452,014825,동원시스템즈우,89
2453,002995,금호건설우,88
2454,008355,남선알미우,88
2455,343510,하나금융16호스팩,88
2456,08537M,루트로닉3우C,87
2457,413600,키움제6호스팩,86
2458,078650,지나인제약,86
2459,001745,SK네트웍스우,84
2460,004415,서울식품우,83
2461,121890,에스디시스템,82
2462,004545,깨끗한나라우,80
2463,00781K,코리아써키트2우B,80
2464,408920,에스케이증권7호스팩,80
2465,014285,금강공업우,80
2466,005745,크라운해태홀딩스우,80
2467,004565,현대비앤지스틸우,79
2468,004105,태양금속우,79
2469,006345,대원전선우,78
2470,349720,이베스트스팩5호,78
2471,388790,IBKS제16호스팩,78
2472,058420,제이웨이,77
2473,335870,IBKS제12호스팩,76
2474,000145,하이트진로홀딩스우,75
2475,400560,하나금융20호스팩,72
2476,001067,JW중외제약2우B,71
2477,001065,JW중외제약우,69
2478,373340,유진스팩6호,69
2479,005965,동부건설우,69
2480,405350,IBKS제17호스팩,66
2481,000325,노루홀딩스우,65
2482,347140,케이프이에스제4호,64
2483,011155,CJ씨푸드1우,64
2484,000545,흥국화재우,62
2485,021045,대호특수강우,62
2486,000227,유유제약2우B,61
2487,014915,성문전자우,54
2488,002785,진흥기업우B,53
2489,001527,동양2우B,50
2490,001525,동양우,49
2491,002787,진흥기업2우B,48
2492,032685,소프트센우,43
2493,000547,흥국화재2우B,43
2494,050540,한국코퍼레이션,42
2495,001529,동양3우B,30
2496,009275,신원우,28
